<?xml version="1.0" encoding="utf-8"?>
<schema name="example" version="1.5">
  <!-- attribute "name" is the name of this schema and is only used for display purposes.
       version="x.y" is Solr's version number for the schema syntax and
       semantics.  It should not normally be changed by applications.

       1.0: multiValued attribute did not exist, all fields are multiValued
            by nature
       1.1: multiValued attribute introduced, false by default
       1.2: omitTermFreqAndPositions attribute introduced, true by default
            except for text fields.
       1.3: removed optional field compress feature
       1.4: autoGeneratePhraseQueries attribute introduced to drive QueryParser
            behavior when a single string produces multiple tokens.  Defaults
            to off for version >= 1.4
       1.5: omitNorms defaults to true for primitive field types
            (int, float, boolean, string...)
     -->
  <fields>
	<field name="text" type="string" indexed="true" stored="false" multiValued="true"/>
    	<field name="_version_" type="long" indexed="true" stored="true" />
	<field name="general.uuid" type="string" indexed="true" stored="true" multiValued="false" required="true"/>
	<field name="properties.grade" type="string" indexed="true" stored="true" multiValued="true" />
	<field name="properties.subject" type="string" indexed="true" stored="true" multiValued="true" />
	<field name="properties.area" type="string" indexed="true" stored="true" multiValued="true" />
	<field name="properties.tag" type="string" indexed="true" stored="true" multiValued="true" />
	<field name="typemeta.content.md5" type="string"   indexed="true" stored="true" multiValued="false" />
	<field name="typemeta.content.html" type="text_semticunigram"   indexed="true" stored="true" multiValued="false" />
	<field name="typemeta.option.html" type="text_semticunigram"   indexed="true" stored="true" multiValued="false" />
	<field name="typemeta.answer.html" type="text_semticunigram"   indexed="true" stored="true" multiValued="false" />
	<field name="typemeta.analysis.html" type="text_semticunigram"   indexed="true" stored="true" multiValued="false" /> 
	<field name="typemeta.content.html.word" type="text_ik"   indexed="true" stored="true" multiValued="false" />
	<field name="typemeta.option.html.word" type="text_ik"   indexed="true" stored="true" multiValued="false" />
	<field name="typemeta.answer.html.word" type="text_ik"   indexed="true" stored="true" multiValued="false" />
	<field name="typemeta.analysis.html.word" type="text_ik"   indexed="true" stored="true" multiValued="false" /> 
	<field name="typemeta.content.html.word2" type="text_ik"   indexed="true" stored="true" multiValued="false" />
	<field name="typemeta.option.html.word2" type="text_ik"   indexed="true" stored="true" multiValued="false" />
	<field name="typemeta.answer.html.word2" type="text_ik"   indexed="true" stored="true" multiValued="false" />
	<field name="typemeta.analysis.html.word2" type="text_ik"   indexed="true" stored="true" multiValued="false" /> 
	<field name="typemeta.content.html.semtic" type="text_ik"   indexed="true" stored="true" multiValued="false" />
	<field name="typemeta.option.html.semtic" type="text_ik"   indexed="true" stored="true" multiValued="false" />
	<field name="typemeta.answer.html.semtic" type="text_ik"   indexed="true" stored="true" multiValued="false" />
	<field name="typemeta.analysis.html.semtic" type="text_ik"   indexed="true" stored="true" multiValued="false" />
	<field name="typemeta.content.html.semtic2" type="text_ik"   indexed="true" stored="true" multiValued="false" />
	<field name="typemeta.option.html.semtic2" type="text_ik"   indexed="true" stored="true" multiValued="false" />
	<field name="typemeta.answer.html.semtic2" type="text_ik"   indexed="true" stored="true" multiValued="false" />
	<field name="typemeta.analysis.html.semtic2" type="text_ik"   indexed="true" stored="true" multiValued="false" />
	<field name="typemeta.difficulty" type="string"   indexed="true" stored="true" multiValued="false" />
	<field name="typemeta.section" type="string"   indexed="true" stored="true" multiValued="false" />
	<field name="date.lastmodify" type="tdate" indexed="true" stored="true" multiValued="false"/>
	<field name="date.createtime" type="tdate" indexed="true" stored="true" multiValued="false"/>
	
	<copyField source="*html" dest="content" maxChars="10000000000" />
    
    <dynamicField name="random_*" type="random" indexed="true" stored="false"/>
	
  </fields>
  <uniqueKey>general.uuid</uniqueKey>
  <solrQueryParser defaultOperator="OR" />
  <types>
    <fieldType name="string" class="solr.StrField" sortMissingLast="true" />
    <fieldType name="boolean" class="solr.BoolField" sortMissingLast="true" />
    <fieldType name="int" class="solr.TrieIntField" precisionStep="0" positionIncrementGap="0" />
    <fieldType name="float" class="solr.TrieFloatField" precisionStep="0" positionIncrementGap="0" />
    <fieldType name="long" class="solr.TrieLongField" precisionStep="0" positionIncrementGap="0" />
    <fieldType name="double" class="solr.TrieDoubleField" precisionStep="0" positionIncrementGap="0" />
    <fieldType name="tint" class="solr.TrieIntField" precisionStep="8" positionIncrementGap="0" />
    <fieldType name="tfloat" class="solr.TrieFloatField" precisionStep="8" positionIncrementGap="0" />
    <fieldType name="tlong" class="solr.TrieLongField" precisionStep="8" positionIncrementGap="0" />
    <fieldType name="tdouble" class="solr.TrieDoubleField" precisionStep="8" positionIncrementGap="0" />
    <!-- The format for this date field is of the form 1995-12-31T23:59:59Z, and
         is a more restricted form of the canonical representation of dateTime
         http://www.w3.org/TR/xmlschema-2/#dateTime
         The trailing "Z" designates UTC time and is mandatory.
         Optional fractional seconds are allowed: 1995-12-31T23:59:59.999Z
         All other components are mandatory.

         Expressions can also be used to denote calculations that should be
         performed relative to "NOW" to determine the value, ie...

               NOW/HOUR
                  ... Round to the start of the current hour
               NOW-1DAY
                  ... Exactly 1 day prior to now
               NOW/DAY+6MONTHS+3DAYS
                  ... 6 months and 3 days in the future from the start of
                      the current day

         Consult the DateField javadocs for more information.

         Note: For faster range queries, consider the tdate type
      -->
    <fieldType name="date" class="solr.TrieDateField" precisionStep="0" positionIncrementGap="0" />
    <!-- A Trie based date field for faster date range queries and date faceting. -->
    <fieldType name="tdate" class="solr.TrieDateField" precisionStep="6" positionIncrementGap="0" />
    <!--Binary data type. The data should be sent/retrieved in as Base64 encoded Strings -->
    <fieldtype name="binary" class="solr.BinaryField" />
    <!--
      Note:
      These should only be used for compatibility with existing indexes (created with lucene or older Solr versions).
      Use Trie based fields instead. As of Solr 3.5 and 4.x, Trie based fields support sortMissingFirst/Last

      Plain numeric field types that store and index the text
      value verbatim (and hence don't correctly support range queries, since the
      lexicographic ordering isn't equal to the numeric ordering)
    -->
    <!-- The "RandomSortField" is not used to store or search any
         data.  You can declare fields of this type it in your schema
         to generate pseudo-random orderings of your docs for sorting
         or function purposes.  The ordering is generated based on the field
         name and the version of the index. As long as the index version
         remains unchanged, and the same field name is reused,
         the ordering of the docs will be consistent.
         If you want different psuedo-random orderings of documents,
         for the same version of the index, use a dynamicField and
         change the field name in the request.
     -->
    <fieldType name="random" class="solr.RandomSortField" indexed="true" />
    <!-- solr.TextField allows the specification of custom text analyzers
         specified as a tokenizer and a list of token filters. Different
         analyzers may be specified for indexing and querying.

         The optional positionIncrementGap puts space between multiple fields of
         this type on the same document, with the purpose of preventing false phrase
         matching across fields.

         For more info on customizing your analyzer chain, please see
         http://wiki.apache.org/solr/AnalyzersTokenizersTokenFilters
     -->
    <!-- One can also specify an existing Analyzer class that has a
         default constructor via the class attribute on the analyzer element.
         Example:
    <fieldType name="text_greek" class="solr.TextField">
      <analyzer class="org.apache.lucene.analysis.el.GreekAnalyzer"/>
    </fieldType>
    -->
    <fieldType name="text_ik" class="solr.TextField">
	  <analyzer type="index" >
		  <tokenizer isMaxWordLength="false" class="org.wltea.analyzer.lucene.IKTokenizerFactory" useSmart="true" />
	  </analyzer>
	  <analyzer type="query" >
		  <tokenizer isMaxWordLength="false" class="org.wltea.analyzer.lucene.IKTokenizerFactory" useSmart="true" />
  	  </analyzer>
    </fieldType>
 <!-- 
  <fieldType name="text_semticbigram" class="solr.TextField">
          <analyzer type="index" >
                  <tokenizer isMaxWordLength="false" class="com.iflytek.nlp.segment4solr.SemticBigramFeatureTokenizerFactory" useSmart="true" />
          </analyzer>
          <analyzer type="query" >
                  <tokenizer isMaxWordLength="false" class="com.iflytek.nlp.segment4solr.SemticBigramFeatureTokenizerFactory" useSmart="true" />
          </analyzer>
  	  <similarity class="com.iflytek.nlp.segment4solr.WSSimilarity"/>
    </fieldType> 
    -->
  <fieldType name="text_wordsegmentor" class="solr.TextField">
          <analyzer >
                  <tokenizer isMaxWordLength="false" class="com.iflytek.nlp.segment4solr.WordSegmentorFeatureTokenizerFactory" useSmart="true" />
          </analyzer>
    </fieldType> 
  <fieldType name="text_wordunigram" class="solr.TextField">
          <analyzer >
                  <tokenizer isMaxWordLength="false" class="com.iflytek.nlp.segment4solr.WordUnigramFeatureTokenizerFactory" useSmart="true" />
          </analyzer>
    </fieldType> 
  <fieldType name="text_semticunigram" class="solr.TextField">
          <analyzer type="index" >
                  <tokenizer isMaxWordLength="false" class="com.iflytek.nlp.segment4solr.SemticUnigramFeatureTokenizerFactory" useSmart="true" />
          </analyzer>
          <analyzer type="query" >
                  <tokenizer isMaxWordLength="false" class="com.iflytek.nlp.segment4solr.SemticUnigramFeatureTokenizerFactory" useSmart="true" />
          </analyzer>
    </fieldType> 
    <!-- since fields of this type are by default not stored or indexed,
         any data added to them will be ignored outright.  -->
    <fieldtype name="ignored" stored="false" indexed="false" multiValued="true" class="solr.StrField" />
    <!-- This point type indexes the coordinates as separate fields (subFields)
      If subFieldType is defined, it references a type, and a dynamic field
      definition is created matching *___<typename>.  Alternately, if
      subFieldSuffix is defined, that is used to create the subFields.
      Example: if subFieldType="double", then the coordinates would be
        indexed in fields myloc_0___double,myloc_1___double.
      Example: if subFieldSuffix="_d" then the coordinates would be indexed
        in fields myloc_0_d,myloc_1_d
      The subFields are an implementation detail of the fieldType, and end
      users normally should not need to know about them.
     -->
  </types>
  <!-- <similarity class="solr.SchemaSimilarityFactory"/> -->
  <!-- <similarity class="org.wltea.analyzer.similarity.WeightSimilarity"/> -->
</schema>
